[{"name":"Sparktion","uuid":"bd9f0105-61fc-4980-8871-63b2b1629630","expiresOn":"2021-02-27 20:30:57 -0600"},{"name":"Cyrophillnuim","uuid":"3881eb11-fb17-4485-b0c6-414f68e7b1f0","expiresOn":"2021-02-27 18:56:54 -0600"},{"name":"PreciseEveryJob","uuid":"4f46d7aa-aeb2-4db1-b8da-f96d772dd8a1","expiresOn":"2021-02-27 18:56:26 -0600"},{"name":"TornadoVoid","uuid":"3b12786d-ff1e-4499-88eb-2c7223a2376b","expiresOn":"2021-02-27 18:56:25 -0600"},{"name":"TruckMonthYT","uuid":"eea3b4e4-be78-4d3c-b449-2b618d39c75c","expiresOn":"2021-02-27 18:43:41 -0600"},{"name":"MazeyCJ","uuid":"9cc6cf73-f2ea-4a7a-88b3-5ef07e0deba4","expiresOn":"2021-02-26 18:26:13 -0600"},{"name":"BOOYAcoleXP","uuid":"b9565e44-a018-475d-a493-2bb67b5572b6","expiresOn":"2021-02-26 18:17:57 -0600"}]