{
  "flower": "ALL",
  "maxTimeInHive": 600,
  "hasHoneycomb": true,
  "baseLayerTexture": "ores/diamond/diamond_bee",
  "ColorData": {
    "isBeeColored": false,
    "honeycombColor": "#00ffff",
    "modelType": "ORE"
  },
  "MutationData": {
    "hasMutation": true,
    "mutationInput": "minecraft:lava",
    "mutationOutput": "minecraft:water",
    "mutationType": "FLUID_TO_FLUID"
  },
  "CentrifugeData": {
    "hasCentrifugeOutput": true,
    "mainOutput": "minecraft:diamond",
    "mainOutputCount": 1
  },
  "SpawnData": {
    "canSpawnInWorld": true,
    "biomeWhitelist": "tag:OVERWORLD",
    "biomeBlacklist": "tag:ocean"
  },
  "BreedData": {
    "isBreedable": true,
    "parent1": "Coal",
    "parent2": "Skeleton",
    "feedItem": "tag:forge:ores"
  },
  "TraitData": {}
}